Sex,Heartrate
0,1
1,0.98989898989899
0,0.898989898989899
0,0.9393939393939394
1,0.9494949494949495
1,0.9696969696969697
