Age,Sex,Heartrate
0.4222222222222222,0,1
0.5111111111111111,1,0.98989898989899
1,0,0.898989898989899
0.5777777777777777,0,0.9393939393939394
0.7555555555555555,1,0.9494949494949495
0.4666666666666667,1,0.9696969696969697
